order_id,customer_id,city,order_date,order_value
104,1,Mumbai,2023-04-14,8.09
322,1,Mumbai,2023-11-18,1.43
671,1,Mumbai,2024-11-01,340.84
466,2,Bangalore,2024-04-10,96.00
617,2,Bangalore,2024-09-08,58.66
664,2,Bangalore,2024-10-25,52.61
711,2,Bangalore,2024-12-11,4.08
717,2,Bangalore,2024-12-17,89.46
348,3,Chennai,2023-12-14,55.63
492,3,Chennai,2024-05-06,17.94
787,3,Chennai,2025-02-25,39.08
813,3,Chennai,2025-03-23,0.59
82,4,Kolkata,2023-03-23,24.95
309,4,Kolkata,2023-11-05,6.80
358,4,Kolkata,2023-12-24,74.51
371,4,Kolkata,2024-01-06,86.51
17,5,Kolkata,2023-01-17,5.86
209,5,Kolkata,2023-07-28,4.35
412,5,Kolkata,2024-02-16,7.03
611,6,Bangalore,2024-09-02,3.18
156,7,Kolkata,2023-06-05,83.56
356,7,Kolkata,2023-12-22,145.73
475,7,Kolkata,2024-04-19,29.39
658,7,Kolkata,2024-10-19,7.21
767,8,Hyderabad,2025-02-05,26.29
51,9,Chennai,2023-02-20,8.51
88,9,Chennai,2023-03-29,48.38
738,9,Chennai,2025-01-07,41.09
915,9,Chennai,2025-07-03,16.24
81,10,Mumbai,2023-03-22,18.07
167,10,Mumbai,2023-06-16,32.10
287,10,Mumbai,2023-10-14,28.32
526,10,Mumbai,2024-06-09,170.36
32,11,Bangalore,2023-02-01,13.43
414,11,Bangalore,2024-02-18,134.74
495,11,Bangalore,2024-05-09,46.57
823,11,Bangalore,2025-04-02,49.01
52,12,Delhi,2023-02-21,22.84
729,12,Delhi,2024-12-29,5.99
862,12,Delhi,2025-05-11,36.14
941,12,Delhi,2025-07-29,7.52
400,13,Delhi,2024-02-04,12.95
404,13,Delhi,2024-02-08,34.85
549,13,Delhi,2024-07-02,36.54
261,14,Delhi,2023-09-18,24.15
586,14,Delhi,2024-08-08,56.07
11,16,Mumbai,2023-01-11,16.81
148,16,Mumbai,2023-05-28,27.85
462,16,Mumbai,2024-04-06,55.21
638,16,Mumbai,2024-09-29,24.75
858,16,Mumbai,2025-05-07,28.84
240,17,Kolkata,2023-08-28,46.29
247,17,Kolkata,2023-09-04,16.72
267,17,Kolkata,2023-09-24,37.46
335,17,Kolkata,2023-12-01,42.42
362,17,Kolkata,2023-12-28,70.08
979,17,Kolkata,2025-09-05,62.47
212,18,Mumbai,2023-07-31,54.99
294,18,Mumbai,2023-10-21,40.68
876,18,Mumbai,2025-05-25,1.96
155,19,Mumbai,2023-06-04,18.56
216,19,Mumbai,2023-08-04,1.98
246,19,Mumbai,2023-09-03,54.94
427,20,Bangalore,2024-03-02,9.36
760,20,Bangalore,2025-01-29,9.13
201,21,Chennai,2023-07-20,18.06
498,21,Chennai,2024-05-12,7.57
563,21,Chennai,2024-07-16,31.82
696,21,Chennai,2024-11-26,21.00
392,22,Delhi,2024-01-27,239.49
683,22,Delhi,2024-11-13,52.60
694,22,Delhi,2024-11-24,102.61
870,22,Delhi,2025-05-19,69.80
370,24,Kolkata,2024-01-05,15.76
622,24,Kolkata,2024-09-13,55.37
634,24,Kolkata,2024-09-25,4.49
636,24,Kolkata,2024-09-27,10.92
947,24,Kolkata,2025-08-04,7.61
207,25,Mumbai,2023-07-26,13.77
603,25,Mumbai,2024-08-25,186.22
789,25,Mumbai,2025-02-27,68.58
34,26,Delhi,2023-02-03,98.13
538,26,Delhi,2024-06-21,32.92
660,26,Delhi,2024-10-21,20.75
814,26,Delhi,2025-03-24,298.06
847,26,Delhi,2025-04-26,46.22
861,26,Delhi,2025-05-10,58.42
902,26,Delhi,2025-06-20,68.76
133,27,Chennai,2023-05-13,120.86
292,27,Chennai,2023-10-19,42.66
848,27,Chennai,2025-04-27,19.70
98,28,Hyderabad,2023-04-08,19.41
637,28,Hyderabad,2024-09-28,58.57
670,28,Hyderabad,2024-10-31,102.53
978,28,Hyderabad,2025-09-04,24.84
494,29,Mumbai,2024-05-08,71.02
593,29,Mumbai,2024-08-15,25.77
726,29,Mumbai,2024-12-26,90.68
741,29,Mumbai,2025-01-10,47.43
781,29,Mumbai,2025-02-19,112.26
939,29,Mumbai,2025-07-27,68.96
951,29,Mumbai,2025-08-08,50.24
967,29,Mumbai,2025-08-24,58.26
175,30,Mumbai,2023-06-24,156.16
778,30,Mumbai,2025-02-16,6.02
835,30,Mumbai,2025-04-14,28.82
421,31,Mumbai,2024-02-25,10.14
569,31,Mumbai,2024-07-22,39.31
799,31,Mumbai,2025-03-09,6.40
964,31,Mumbai,2025-08-21,18.02
15,32,Mumbai,2023-01-15,37.41
731,32,Mumbai,2024-12-31,85.90
774,32,Mumbai,2025-02-12,37.60
66,33,Delhi,2023-03-07,12.86
160,34,Chennai,2023-06-09,41.77
922,34,Chennai,2025-07-10,40.39
305,35,Bangalore,2023-11-01,4.48
410,35,Bangalore,2024-02-14,83.76
635,35,Bangalore,2024-09-26,62.61
674,35,Bangalore,2024-11-04,12.76
252,36,Delhi,2023-09-09,15.39
677,36,Delhi,2024-11-07,22.89
151,37,Chennai,2023-05-31,32.23
580,37,Chennai,2024-08-02,32.71
300,38,Bangalore,2023-10-27,52.22
479,38,Bangalore,2024-04-23,0.02
251,39,Mumbai,2023-09-08,90.43
399,39,Mumbai,2024-02-03,73.75
430,39,Mumbai,2024-03-05,7.98
490,39,Mumbai,2024-05-04,28.12
499,39,Mumbai,2024-05-13,48.72
655,39,Mumbai,2024-10-16,6.81
700,39,Mumbai,2024-11-30,25.85
883,39,Mumbai,2025-06-01,59.01
25,40,Chennai,2023-01-25,19.02
222,40,Chennai,2023-08-10,38.13
407,40,Chennai,2024-02-11,33.32
846,40,Chennai,2025-04-25,33.53
64,42,Chennai,2023-03-05,45.69
164,42,Chennai,2023-06-13,107.06
237,42,Chennai,2023-08-25,84.86
238,42,Chennai,2023-08-26,160.44
597,42,Chennai,2024-08-19,9.61
599,42,Chennai,2024-08-21,41.18
953,42,Chennai,2025-08-10,11.70
193,43,Kolkata,2023-07-12,87.99
514,43,Kolkata,2024-05-28,22.64
141,44,Hyderabad,2023-05-21,2.02
344,44,Hyderabad,2023-12-10,19.62
829,44,Hyderabad,2025-04-08,25.31
977,44,Hyderabad,2025-09-03,4.59
152,45,Mumbai,2023-06-01,19.08
342,45,Mumbai,2023-12-08,3.65
432,45,Mumbai,2024-03-07,41.71
771,45,Mumbai,2025-02-09,29.86
502,46,Mumbai,2024-05-16,39.36
632,46,Mumbai,2024-09-23,18.17
828,46,Mumbai,2025-04-07,116.10
888,46,Mumbai,2025-06-06,107.21
288,47,Mumbai,2023-10-15,48.80
476,47,Mumbai,2024-04-20,14.81
548,47,Mumbai,2024-07-01,142.53
699,47,Mumbai,2024-11-29,34.29
800,47,Mumbai,2025-03-10,38.24
125,48,Kolkata,2023-05-05,32.99
484,48,Kolkata,2024-04-28,33.17
113,49,Delhi,2023-04-23,0.18
120,49,Delhi,2023-04-30,15.23
177,49,Delhi,2023-06-26,25.52
443,49,Delhi,2024-03-18,5.83
531,49,Delhi,2024-06-14,227.11
659,49,Delhi,2024-10-20,51.75
709,49,Delhi,2024-12-09,42.14
889,50,Bangalore,2025-06-07,37.52
126,51,Mumbai,2023-05-06,26.90
351,51,Mumbai,2023-12-17,67.07
517,51,Mumbai,2024-05-31,28.13
906,51,Mumbai,2025-06-24,3.76
920,51,Mumbai,2025-07-08,2.52
363,52,Mumbai,2023-12-29,12.36
444,52,Mumbai,2024-03-19,147.28
765,52,Mumbai,2025-02-03,60.86
917,52,Mumbai,2025-07-05,69.47
477,53,Delhi,2024-04-21,10.56
481,53,Delhi,2024-04-25,4.13
613,53,Delhi,2024-09-04,112.71
816,53,Delhi,2025-03-26,55.13
162,55,Hyderabad,2023-06-11,7.34
226,55,Hyderabad,2023-08-14,14.42
812,55,Hyderabad,2025-03-22,11.75
68,56,Chennai,2023-03-09,119.52
377,56,Chennai,2024-01-12,26.46
673,56,Chennai,2024-11-03,25.93
214,57,Mumbai,2023-08-02,21.20
263,57,Mumbai,2023-09-20,1.03
406,57,Mumbai,2024-02-10,41.04
61,58,Chennai,2023-03-02,10.76
181,58,Chennai,2023-06-30,6.76
568,58,Chennai,2024-07-21,34.29
602,58,Chennai,2024-08-24,4.98
761,58,Chennai,2025-01-30,2.39
804,58,Chennai,2025-03-14,36.89
117,59,Delhi,2023-04-27,11.13
639,59,Delhi,2024-09-30,26.87
715,59,Delhi,2024-12-15,55.24
89,61,Hyderabad,2023-03-30,20.79
154,62,Bangalore,2023-06-03,34.45
183,62,Bangalore,2023-07-02,22.49
244,62,Bangalore,2023-09-01,24.18
739,62,Bangalore,2025-01-08,65.21
756,62,Bangalore,2025-01-25,10.65
786,62,Bangalore,2025-02-24,22.88
91,63,Kolkata,2023-04-01,28.52
187,63,Kolkata,2023-07-06,46.03
243,63,Kolkata,2023-08-31,207.77
938,63,Kolkata,2025-07-26,0.27
486,64,Kolkata,2024-04-30,19.34
493,64,Kolkata,2024-05-07,4.97
798,64,Kolkata,2025-03-08,0.06
958,64,Kolkata,2025-08-15,66.58
31,65,Kolkata,2023-01-31,7.01
624,65,Kolkata,2024-09-15,9.66
681,65,Kolkata,2024-11-11,24.19
390,66,Delhi,2024-01-25,5.09
424,66,Delhi,2024-02-28,24.16
503,66,Delhi,2024-05-17,16.67
614,66,Delhi,2024-09-05,57.92
695,66,Delhi,2024-11-25,29.60
352,67,Mumbai,2023-12-18,100.82
419,67,Mumbai,2024-02-23,5.97
610,67,Mumbai,2024-09-01,16.30
777,67,Mumbai,2025-02-15,54.50
45,68,Hyderabad,2023-02-14,25.96
159,68,Hyderabad,2023-06-08,2.41
319,68,Hyderabad,2023-11-15,47.52
648,68,Hyderabad,2024-10-09,10.75
689,68,Hyderabad,2024-11-19,35.95
788,68,Hyderabad,2025-02-26,8.01
102,69,Bangalore,2023-04-12,11.59
180,69,Bangalore,2023-06-29,17.70
396,69,Bangalore,2024-01-31,13.30
520,69,Bangalore,2024-06-03,2.07
734,69,Bangalore,2025-01-03,77.32
770,69,Bangalore,2025-02-08,49.79
803,69,Bangalore,2025-03-13,65.59
990,69,Bangalore,2025-09-16,20.34
993,69,Bangalore,2025-09-19,81.30
425,70,Kolkata,2024-02-29,79.16
435,70,Kolkata,2024-03-10,121.67
898,70,Kolkata,2025-06-16,47.71
67,71,Hyderabad,2023-03-08,134.04
199,71,Hyderabad,2023-07-18,90.08
810,71,Hyderabad,2025-03-20,6.25
297,72,Delhi,2023-10-24,72.43
441,72,Delhi,2024-03-16,178.87
539,72,Delhi,2024-06-22,60.68
863,72,Delhi,2025-05-12,11.17
894,72,Delhi,2025-06-12,3.82
588,73,Kolkata,2024-08-10,5.24
604,73,Kolkata,2024-08-26,16.86
708,73,Kolkata,2024-12-08,20.54
73,74,Bangalore,2023-03-14,16.09
332,74,Bangalore,2023-11-28,81.58
350,74,Bangalore,2023-12-16,33.32
732,74,Bangalore,2025-01-01,16.79
63,75,Chennai,2023-03-04,29.79
422,75,Chennai,2024-02-26,14.57
650,75,Chennai,2024-10-11,1.17
753,75,Chennai,2025-01-22,21.61
1,76,Bangalore,2023-01-01,103.87
100,76,Bangalore,2023-04-10,143.41
139,76,Bangalore,2023-05-19,41.72
282,76,Bangalore,2023-10-09,1.74
528,76,Bangalore,2024-06-11,18.07
983,76,Bangalore,2025-09-09,23.74
5,77,Mumbai,2023-01-05,39.99
388,77,Mumbai,2024-01-23,23.77
62,78,Kolkata,2023-03-03,26.92
173,78,Kolkata,2023-06-22,56.55
346,78,Kolkata,2023-12-12,16.61
455,79,Kolkata,2024-03-30,28.46
663,79,Kolkata,2024-10-24,14.79
916,79,Kolkata,2025-07-04,285.44
131,80,Chennai,2023-05-11,9.48
204,80,Chennai,2023-07-23,8.56
577,80,Chennai,2024-07-30,30.24
679,80,Chennai,2024-11-09,22.97
250,81,Chennai,2023-09-07,29.51
4,82,Kolkata,2023-01-04,95.05
296,82,Kolkata,2023-10-23,20.44
306,82,Kolkata,2023-11-02,4.77
459,82,Kolkata,2024-04-03,37.96
615,82,Kolkata,2024-09-06,14.38
723,82,Kolkata,2024-12-23,19.80
748,82,Kolkata,2025-01-17,12.72
79,83,Mumbai,2023-03-20,4.04
680,83,Mumbai,2024-11-10,23.38
850,83,Mumbai,2025-04-29,55.03
144,84,Chennai,2023-05-24,59.88
397,84,Chennai,2024-02-01,26.34
515,84,Chennai,2024-05-29,51.00
579,84,Chennai,2024-08-01,94.72
174,85,Delhi,2023-06-23,60.64
530,85,Delhi,2024-06-13,3.44
703,85,Delhi,2024-12-03,162.75
825,85,Delhi,2025-04-04,11.86
991,85,Delhi,2025-09-17,1.30
231,87,Bangalore,2023-08-19,100.36
460,87,Bangalore,2024-04-04,16.74
606,87,Bangalore,2024-08-28,52.47
616,87,Bangalore,2024-09-07,3.39
972,87,Bangalore,2025-08-29,15.19
9,88,Bangalore,2023-01-09,19.06
320,88,Bangalore,2023-11-16,15.17
361,88,Bangalore,2023-12-27,63.64
439,89,Mumbai,2024-03-14,18.00
909,89,Mumbai,2025-06-27,44.95
48,90,Delhi,2023-02-17,35.82
112,90,Delhi,2023-04-22,82.18
555,90,Delhi,2024-07-08,38.14
592,90,Delhi,2024-08-14,37.47
702,90,Delhi,2024-12-02,27.31
433,91,Chennai,2024-03-08,62.71
504,91,Chennai,2024-05-18,148.24
590,91,Chennai,2024-08-12,6.45
936,91,Chennai,2025-07-24,40.38
171,92,Kolkata,2023-06-20,22.30
202,92,Kolkata,2023-07-21,28.06
468,92,Kolkata,2024-04-12,15.41
764,92,Kolkata,2025-02-02,88.49
937,92,Kolkata,2025-07-25,133.56
215,93,Bangalore,2023-08-03,48.58
353,93,Bangalore,2023-12-19,49.21
571,93,Bangalore,2024-07-24,71.45
582,93,Bangalore,2024-08-04,33.99
574,94,Bangalore,2024-07-27,10.98
934,94,Bangalore,2025-07-22,27.75
997,94,Bangalore,2025-09-23,1.57
197,95,Bangalore,2023-07-16,38.46
289,96,Bangalore,2023-10-16,3.87
191,97,Hyderabad,2023-07-10,28.64
496,97,Hyderabad,2024-05-10,42.23
560,97,Hyderabad,2024-07-13,35.93
857,97,Hyderabad,2025-05-06,20.23
86,98,Mumbai,2023-03-27,34.97
128,98,Mumbai,2023-05-08,11.19
464,98,Mumbai,2024-04-08,8.89
768,98,Mumbai,2025-02-06,54.23
837,98,Mumbai,2025-04-16,41.72
56,99,Chennai,2023-02-25,123.11
270,99,Chennai,2023-09-27,33.71
509,99,Chennai,2024-05-23,33.94
716,99,Chennai,2024-12-16,39.14
904,99,Chennai,2025-06-22,18.28
948,99,Chennai,2025-08-05,0.04
994,99,Chennai,2025-09-20,113.80
245,100,Kolkata,2023-09-02,8.26
697,100,Kolkata,2024-11-27,7.44
736,100,Kolkata,2025-01-05,23.05
826,100,Kolkata,2025-04-05,18.78
71,101,Kolkata,2023-03-12,19.80
87,101,Kolkata,2023-03-28,4.33
710,101,Kolkata,2024-12-10,98.70
501,102,Kolkata,2024-05-15,35.07
583,102,Kolkata,2024-08-05,43.27
757,102,Kolkata,2025-01-26,3.16
59,103,Chennai,2023-02-28,4.46
290,103,Chennai,2023-10-17,35.03
398,103,Chennai,2024-02-02,75.73
512,103,Chennai,2024-05-26,8.63
621,103,Chennai,2024-09-12,12.22
651,103,Chennai,2024-10-12,113.53
698,103,Chennai,2024-11-28,28.94
930,103,Chennai,2025-07-18,3.76
46,104,Mumbai,2023-02-15,134.08
827,104,Mumbai,2025-04-06,9.85
908,104,Mumbai,2025-06-26,14.83
69,105,Delhi,2023-03-10,76.00
94,105,Delhi,2023-04-04,73.22
630,105,Delhi,2024-09-21,33.20
60,106,Mumbai,2023-03-01,120.09
326,106,Mumbai,2023-11-22,63.71
730,106,Mumbai,2024-12-30,47.01
805,106,Mumbai,2025-03-15,3.85
865,106,Mumbai,2025-05-14,44.80
891,106,Mumbai,2025-06-09,43.12
393,107,Bangalore,2024-01-28,73.58
685,107,Bangalore,2024-11-15,20.33
873,107,Bangalore,2025-05-22,55.34
2,108,Bangalore,2023-01-02,139.61
33,108,Bangalore,2023-02-02,134.78
195,108,Bangalore,2023-07-14,1.98
328,108,Bangalore,2023-11-24,26.22
333,108,Bangalore,2023-11-29,3.40
378,108,Bangalore,2024-01-13,49.61
228,109,Mumbai,2023-08-16,16.40
285,109,Mumbai,2023-10-12,10.10
686,109,Mumbai,2024-11-16,85.16
802,110,Mumbai,2025-03-12,27.02
506,111,Chennai,2024-05-20,64.07
675,112,Chennai,2024-11-05,14.86
762,112,Chennai,2025-01-31,75.60
136,114,Kolkata,2023-05-16,136.22
447,114,Kolkata,2024-03-22,29.21
527,114,Kolkata,2024-06-10,37.39
742,114,Kolkata,2025-01-11,44.02
755,114,Kolkata,2025-01-24,25.02
779,114,Kolkata,2025-02-17,63.76
833,114,Kolkata,2025-04-12,68.21
647,115,Hyderabad,2024-10-08,30.82
838,115,Hyderabad,2025-04-17,8.55
1000,115,Hyderabad,2025-09-26,144.79
101,116,Kolkata,2023-04-11,134.22
417,116,Kolkata,2024-02-21,7.28
628,116,Kolkata,2024-09-19,14.66
158,117,Bangalore,2023-06-07,55.89
415,117,Bangalore,2024-02-19,147.16
561,117,Bangalore,2024-07-14,15.58
627,117,Bangalore,2024-09-18,29.59
667,117,Bangalore,2024-10-28,28.74
878,117,Bangalore,2025-05-27,75.23
235,118,Hyderabad,2023-08-23,68.85
339,119,Hyderabad,2023-12-05,105.79
210,120,Delhi,2023-07-29,131.91
405,120,Delhi,2024-02-09,46.45
744,120,Delhi,2025-01-13,51.15
926,120,Delhi,2025-07-14,1.70
92,121,Mumbai,2023-04-02,10.71
933,121,Mumbai,2025-07-21,127.75
334,122,Chennai,2023-11-30,58.98
41,123,Hyderabad,2023-02-10,83.33
457,123,Hyderabad,2024-04-01,118.00
507,123,Hyderabad,2024-05-21,4.06
543,123,Hyderabad,2024-06-26,67.00
721,123,Hyderabad,2024-12-21,146.29
138,124,Chennai,2023-05-18,11.80
488,125,Kolkata,2024-05-02,51.30
609,125,Kolkata,2024-08-31,38.46
612,125,Kolkata,2024-09-03,8.87
519,126,Hyderabad,2024-06-02,109.35
776,126,Hyderabad,2025-02-14,66.50
815,126,Hyderabad,2025-03-25,16.50
7,127,Kolkata,2023-01-07,18.08
23,127,Kolkata,2023-01-23,27.78
203,127,Kolkata,2023-07-22,31.81
224,127,Kolkata,2023-08-12,13.80
980,127,Kolkata,2025-09-06,53.86
168,128,Hyderabad,2023-06-17,29.60
408,128,Hyderabad,2024-02-12,35.15
474,128,Hyderabad,2024-04-18,63.71
682,128,Hyderabad,2024-11-12,90.58
273,129,Bangalore,2023-09-30,14.18
286,129,Bangalore,2023-10-13,22.71
605,129,Bangalore,2024-08-27,27.57
935,129,Bangalore,2025-07-23,211.76
437,130,Delhi,2024-03-12,14.03
794,130,Delhi,2025-03-04,124.23
801,130,Delhi,2025-03-11,56.22
943,130,Delhi,2025-07-31,27.63
782,131,Kolkata,2025-02-20,126.21
925,131,Kolkata,2025-07-13,91.88
116,132,Mumbai,2023-04-26,13.05
665,132,Mumbai,2024-10-26,6.18
327,133,Mumbai,2023-11-23,125.23
449,133,Mumbai,2024-03-24,39.25
864,133,Mumbai,2025-05-13,19.25
869,133,Mumbai,2025-05-18,83.65
931,133,Mumbai,2025-07-19,154.10
364,134,Bangalore,2023-12-30,29.26
887,134,Bangalore,2025-06-05,41.20
323,135,Bangalore,2023-11-19,14.03
598,135,Bangalore,2024-08-20,217.53
860,135,Bangalore,2025-05-09,9.00
735,137,Kolkata,2025-01-04,2.90
772,137,Kolkata,2025-02-10,10.45
359,138,Mumbai,2023-12-25,15.38
454,138,Mumbai,2024-03-29,54.22
932,139,Delhi,2025-07-20,12.63
949,139,Delhi,2025-08-06,83.07
325,140,Hyderabad,2023-11-21,26.89
725,140,Hyderabad,2024-12-25,133.28
903,140,Hyderabad,2025-06-21,18.68
190,141,Delhi,2023-07-09,39.55
380,141,Delhi,2024-01-15,62.09
791,141,Delhi,2025-03-01,9.23
910,141,Delhi,2025-06-28,137.44
21,143,Hyderabad,2023-01-21,80.39
27,143,Hyderabad,2023-01-27,2.67
75,143,Hyderabad,2023-03-16,50.24
743,143,Hyderabad,2025-01-12,39.66
952,143,Hyderabad,2025-08-09,123.03
42,144,Mumbai,2023-02-11,10.99
544,144,Mumbai,2024-06-27,10.48
546,144,Mumbai,2024-06-29,12.12
724,144,Mumbai,2024-12-24,46.66
881,144,Mumbai,2025-05-30,16.25
150,145,Delhi,2023-05-30,147.47
179,145,Delhi,2023-06-28,51.38
355,145,Delhi,2023-12-21,6.75
431,145,Delhi,2024-03-06,47.29
90,146,Delhi,2023-03-31,96.87
262,146,Delhi,2023-09-19,65.38
291,146,Delhi,2023-10-18,10.08
331,146,Delhi,2023-11-27,119.34
737,146,Delhi,2025-01-06,35.24
824,146,Delhi,2025-04-03,20.51
893,146,Delhi,2025-06-11,167.18
188,147,Kolkata,2023-07-07,3.13
485,147,Kolkata,2024-04-29,21.92
283,148,Kolkata,2023-10-10,34.41
471,148,Kolkata,2024-04-15,40.19
552,149,Delhi,2024-07-05,2.55
973,149,Delhi,2025-08-30,106.73
115,150,Hyderabad,2023-04-25,27.39
315,150,Hyderabad,2023-11-11,110.25
619,150,Hyderabad,2024-09-10,25.92
899,150,Hyderabad,2025-06-17,32.93
12,151,Kolkata,2023-01-12,163.00
35,151,Kolkata,2023-02-04,61.86
40,151,Kolkata,2023-02-09,12.12
146,151,Kolkata,2023-05-26,19.32
907,151,Kolkata,2025-06-25,106.48
260,152,Kolkata,2023-09-17,134.89
372,152,Kolkata,2024-01-07,36.52
961,152,Kolkata,2025-08-18,45.74
223,153,Chennai,2023-08-11,0.01
607,153,Chennai,2024-08-29,1.25
483,154,Chennai,2024-04-27,24.41
575,154,Chennai,2024-07-28,104.12
884,154,Chennai,2025-06-02,102.38
381,155,Kolkata,2024-01-16,2.67
553,155,Kolkata,2024-07-06,15.63
3,156,Mumbai,2023-01-03,81.76
147,156,Mumbai,2023-05-27,4.91
208,156,Mumbai,2023-07-27,13.72
465,156,Mumbai,2024-04-09,83.68
746,157,Hyderabad,2025-01-15,4.42
254,158,Bangalore,2023-09-11,38.58
308,158,Bangalore,2023-11-04,58.44
989,158,Bangalore,2025-09-15,19.61
47,159,Kolkata,2023-02-16,4.66
316,159,Kolkata,2023-11-12,0.46
511,159,Kolkata,2024-05-25,191.44
585,159,Kolkata,2024-08-07,115.59
706,159,Kolkata,2024-12-06,5.79
957,160,Chennai,2025-08-14,8.95
189,161,Hyderabad,2023-07-08,26.67
661,161,Hyderabad,2024-10-22,61.54
872,161,Hyderabad,2025-05-21,63.00
996,161,Hyderabad,2025-09-22,30.39
299,162,Hyderabad,2023-10-26,33.10
340,162,Hyderabad,2023-12-06,26.38
418,162,Hyderabad,2024-02-22,36.53
808,162,Hyderabad,2025-03-18,64.53
463,163,Chennai,2024-04-07,99.31
793,163,Chennai,2025-03-03,62.66
505,164,Hyderabad,2024-05-19,92.41
529,164,Hyderabad,2024-06-12,22.52
600,164,Hyderabad,2024-08-22,58.15
668,164,Hyderabad,2024-10-29,15.59
688,164,Hyderabad,2024-11-18,102.32
149,165,Hyderabad,2023-05-29,6.89
442,165,Hyderabad,2024-03-17,98.07
999,165,Hyderabad,2025-09-25,0.65
76,166,Chennai,2023-03-17,3.73
185,166,Chennai,2023-07-04,31.82
318,166,Chennai,2023-11-14,159.74
436,166,Chennai,2024-03-11,146.01
451,166,Chennai,2024-03-26,32.07
554,166,Chennai,2024-07-07,53.10
584,166,Chennai,2024-08-06,10.48
890,166,Chennai,2025-06-08,36.45
963,166,Chennai,2025-08-20,67.67
105,167,Delhi,2023-04-15,35.67
295,167,Delhi,2023-10-22,67.03
310,167,Delhi,2023-11-06,22.06
852,167,Delhi,2025-05-01,19.77
124,168,Kolkata,2023-05-04,95.35
374,168,Kolkata,2024-01-09,18.88
981,168,Kolkata,2025-09-07,49.00
18,169,Mumbai,2023-01-18,12.38
467,169,Mumbai,2024-04-11,122.87
693,169,Mumbai,2024-11-23,0.64
854,169,Mumbai,2025-05-03,2.90
99,170,Bangalore,2023-04-09,31.32
110,170,Bangalore,2023-04-20,33.84
456,170,Bangalore,2024-03-31,85.58
745,170,Bangalore,2025-01-14,15.02
851,170,Bangalore,2025-04-30,2.24
74,171,Mumbai,2023-03-15,120.17
186,171,Mumbai,2023-07-05,11.09
391,171,Mumbai,2024-01-26,32.32
733,171,Mumbai,2025-01-02,13.67
807,171,Mumbai,2025-03-17,91.63
227,172,Delhi,2023-08-15,81.97
750,172,Delhi,2025-01-19,91.77
797,172,Delhi,2025-03-07,25.07
409,173,Delhi,2024-02-13,9.70
945,173,Delhi,2025-08-02,39.09
109,174,Hyderabad,2023-04-19,24.19
557,174,Hyderabad,2024-07-10,25.23
950,174,Hyderabad,2025-08-07,4.58
998,174,Hyderabad,2025-09-24,105.68
354,176,Delhi,2023-12-20,55.29
375,176,Delhi,2024-01-10,43.49
458,176,Delhi,2024-04-02,6.38
662,176,Delhi,2024-10-23,40.76
713,176,Delhi,2024-12-13,94.96
885,176,Delhi,2025-06-03,20.95
130,177,Mumbai,2023-05-10,17.26
532,177,Mumbai,2024-06-15,2.00
867,177,Mumbai,2025-05-16,7.98
20,178,Delhi,2023-01-20,28.39
329,178,Delhi,2023-11-25,10.61
347,178,Delhi,2023-12-13,30.89
653,178,Delhi,2024-10-14,12.91
169,179,Bangalore,2023-06-18,0.36
304,179,Bangalore,2023-10-31,18.54
343,179,Bangalore,2023-12-09,16.30
489,179,Bangalore,2024-05-03,1.19
790,179,Bangalore,2025-02-28,0.42
389,180,Delhi,2024-01-24,69.26
691,180,Delhi,2024-11-21,34.37
19,181,Mumbai,2023-01-19,31.21
65,181,Mumbai,2023-03-06,3.72
402,181,Mumbai,2024-02-06,44.89
469,181,Mumbai,2024-04-13,117.15
687,181,Mumbai,2024-11-17,1.96
692,181,Mumbai,2024-11-22,55.04
831,181,Mumbai,2025-04-10,29.75
54,182,Hyderabad,2023-02-23,8.68
80,182,Hyderabad,2023-03-21,38.00
206,182,Hyderabad,2023-07-25,146.78
487,182,Hyderabad,2024-05-01,166.10
608,182,Hyderabad,2024-08-30,83.10
913,183,Mumbai,2025-07-01,58.48
229,184,Chennai,2023-08-17,10.63
416,184,Chennai,2024-02-20,23.02
132,185,Mumbai,2023-05-12,23.85
182,185,Mumbai,2023-07-01,92.43
324,185,Mumbai,2023-11-20,106.64
740,185,Mumbai,2025-01-09,21.91
783,185,Mumbai,2025-02-21,2.84
142,186,Bangalore,2023-05-22,25.80
556,186,Bangalore,2024-07-09,144.16
820,186,Bangalore,2025-03-30,19.30
897,186,Bangalore,2025-06-15,37.74
921,186,Bangalore,2025-07-09,1.58
478,187,Kolkata,2024-04-22,55.43
832,187,Kolkata,2025-04-11,19.32
14,188,Bangalore,2023-01-14,5.16
278,188,Bangalore,2023-10-05,56.52
523,188,Bangalore,2024-06-06,17.66
672,188,Bangalore,2024-11-02,46.79
705,188,Bangalore,2024-12-05,82.38
819,188,Bangalore,2025-03-29,117.19
853,188,Bangalore,2025-05-02,48.82
43,189,Bangalore,2023-02-12,12.01
473,189,Bangalore,2024-04-17,2.24
525,189,Bangalore,2024-06-08,1.59
534,189,Bangalore,2024-06-17,29.24
849,190,Delhi,2025-04-28,205.52
236,191,Bangalore,2023-08-24,40.00
516,191,Bangalore,2024-05-30,6.91
928,192,Mumbai,2025-07-16,13.53
956,192,Mumbai,2025-08-13,46.29
170,193,Kolkata,2023-06-19,85.57
217,193,Kolkata,2023-08-05,10.34
508,193,Kolkata,2024-05-22,5.61
645,193,Kolkata,2024-10-06,54.80
161,194,Hyderabad,2023-06-10,72.05
312,194,Hyderabad,2023-11-08,90.26
134,195,Bangalore,2023-05-14,47.77
968,195,Bangalore,2025-08-25,6.86
140,196,Mumbai,2023-05-20,47.80
256,196,Mumbai,2023-09-13,76.62
259,196,Mumbai,2023-09-16,8.16
336,196,Mumbai,2023-12-02,119.01
763,196,Mumbai,2025-02-01,14.56
57,197,Delhi,2023-02-26,9.13
253,197,Delhi,2023-09-10,29.77
30,198,Delhi,2023-01-30,32.42
213,198,Delhi,2023-08-01,121.28
230,198,Delhi,2023-08-18,35.09
341,198,Delhi,2023-12-07,32.89
817,198,Delhi,2025-03-27,9.72
976,198,Delhi,2025-09-02,47.58
118,199,Hyderabad,2023-04-28,1.93
429,199,Hyderabad,2024-03-04,35.58
562,199,Hyderabad,2024-07-15,30.34
70,200,Hyderabad,2023-03-11,0.98
302,200,Hyderabad,2023-10-29,53.06
420,200,Hyderabad,2024-02-24,135.90
564,200,Hyderabad,2024-07-17,61.32
232,201,Mumbai,2023-08-20,13.81
301,201,Mumbai,2023-10-28,0.93
269,203,Hyderabad,2023-09-26,33.06
497,203,Hyderabad,2024-05-11,2.75
10,204,Delhi,2023-01-10,31.50
255,204,Delhi,2023-09-12,54.48
311,204,Delhi,2023-11-07,44.88
618,204,Delhi,2024-09-09,42.48
657,204,Delhi,2024-10-18,3.91
780,204,Delhi,2025-02-18,34.69
822,204,Delhi,2025-04-01,10.41
985,204,Delhi,2025-09-11,63.47
367,205,Mumbai,2024-01-02,5.49
882,205,Mumbai,2025-05-31,51.47
153,206,Kolkata,2023-06-02,72.69
314,206,Kolkata,2023-11-10,13.50
97,207,Hyderabad,2023-04-07,11.53
145,207,Hyderabad,2023-05-25,50.82
641,207,Hyderabad,2024-10-02,22.92
843,207,Hyderabad,2025-04-22,29.03
550,208,Mumbai,2024-07-03,21.72
752,208,Mumbai,2025-01-21,77.80
946,208,Mumbai,2025-08-03,37.48
955,208,Mumbai,2025-08-12,4.10
272,209,Bangalore,2023-09-29,81.14
625,209,Bangalore,2024-09-16,45.46
266,210,Delhi,2023-09-23,105.29
518,210,Delhi,2024-06-01,16.06
758,210,Delhi,2025-01-27,44.69
929,210,Delhi,2025-07-17,29.64
940,210,Delhi,2025-07-28,116.68
234,211,Kolkata,2023-08-22,22.03
264,211,Kolkata,2023-09-21,11.48
281,211,Kolkata,2023-10-08,45.93
365,211,Kolkata,2023-12-31,48.09
368,211,Kolkata,2024-01-03,163.99
720,211,Kolkata,2024-12-20,40.69
844,211,Kolkata,2025-04-23,115.72
623,212,Delhi,2024-09-14,176.45
176,213,Delhi,2023-06-25,37.89
284,213,Delhi,2023-10-11,8.41
911,213,Delhi,2025-06-29,56.68
135,214,Chennai,2023-05-15,26.55
279,214,Chennai,2023-10-06,75.37
349,214,Chennai,2023-12-15,8.85
438,214,Chennai,2024-03-13,7.05
987,214,Chennai,2025-09-13,61.68
85,215,Mumbai,2023-03-26,158.48
119,215,Mumbai,2023-04-29,51.55
595,215,Mumbai,2024-08-17,4.67
654,215,Mumbai,2024-10-15,16.40
845,215,Mumbai,2025-04-24,69.45
962,215,Mumbai,2025-08-19,9.39
988,215,Mumbai,2025-09-14,14.31
129,216,Bangalore,2023-05-09,12.13
257,216,Bangalore,2023-09-14,25.11
395,216,Bangalore,2024-01-30,34.80
591,216,Bangalore,2024-08-13,4.10
633,216,Bangalore,2024-09-24,10.03
684,216,Bangalore,2024-11-14,47.62
892,216,Bangalore,2025-06-10,69.18
995,216,Bangalore,2025-09-21,36.51
321,217,Hyderabad,2023-11-17,3.47
558,217,Hyderabad,2024-07-11,59.19
678,217,Hyderabad,2024-11-08,122.56
106,218,Bangalore,2023-04-16,30.86
413,218,Bangalore,2024-02-17,72.66
533,218,Bangalore,2024-06-16,53.20
646,218,Bangalore,2024-10-07,16.86
39,219,Mumbai,2023-02-08,168.73
200,219,Mumbai,2023-07-19,92.43
366,219,Mumbai,2024-01-01,73.48
50,220,Delhi,2023-02-19,117.23
293,220,Delhi,2023-10-20,50.72
307,220,Delhi,2023-11-03,128.34
594,220,Delhi,2024-08-16,44.44
866,220,Delhi,2025-05-15,3.75
36,221,Chennai,2023-02-05,32.91
78,221,Chennai,2023-03-19,158.23
192,221,Chennai,2023-07-11,69.05
596,221,Chennai,2024-08-18,28.19
500,223,Kolkata,2024-05-14,11.65
482,224,Kolkata,2024-04-26,10.63
461,225,Mumbai,2024-04-05,2.41
587,225,Mumbai,2024-08-09,50.16
58,226,Hyderabad,2023-02-27,6.46
93,226,Hyderabad,2023-04-03,10.60
428,226,Hyderabad,2024-03-03,15.54
480,226,Hyderabad,2024-04-24,81.97
919,226,Hyderabad,2025-07-07,21.95
220,227,Bangalore,2023-08-08,21.59
394,227,Bangalore,2024-01-29,11.82
29,228,Bangalore,2023-01-29,79.37
722,229,Hyderabad,2024-12-22,26.81
856,229,Hyderabad,2025-05-05,29.89
524,230,Chennai,2024-06-07,77.86
535,230,Chennai,2024-06-18,148.71
924,230,Chennai,2025-07-12,38.54
166,231,Delhi,2023-06-15,69.86
172,231,Delhi,2023-06-21,38.91
360,231,Delhi,2023-12-26,135.60
470,231,Delhi,2024-04-14,19.33
751,231,Delhi,2025-01-20,60.41
792,231,Delhi,2025-03-02,43.47
984,231,Delhi,2025-09-10,5.43
121,232,Delhi,2023-05-01,2.69
384,232,Delhi,2024-01-19,15.22
581,232,Delhi,2024-08-03,23.36
965,232,Delhi,2025-08-22,54.29
221,233,Kolkata,2023-08-09,23.65
912,233,Kolkata,2025-06-30,26.76
103,234,Chennai,2023-04-13,22.18
773,234,Chennai,2025-02-11,35.45
313,235,Hyderabad,2023-11-09,2.23
551,235,Hyderabad,2024-07-04,13.33
875,235,Hyderabad,2025-05-24,51.40
537,236,Mumbai,2024-06-20,37.97
769,236,Mumbai,2025-02-07,31.26
37,237,Bangalore,2023-02-06,36.73
38,237,Bangalore,2023-02-07,184.94
218,237,Bangalore,2023-08-06,88.97
225,237,Bangalore,2023-08-13,11.67
423,237,Bangalore,2024-02-27,26.10
629,237,Bangalore,2024-09-20,87.19
205,238,Mumbai,2023-07-24,1.58
434,238,Mumbai,2024-03-09,138.79
714,238,Mumbai,2024-12-14,11.97
123,239,Bangalore,2023-05-03,80.95
448,239,Bangalore,2024-03-23,2.36
28,240,Mumbai,2023-01-28,0.65
385,241,Hyderabad,2024-01-20,13.84
886,241,Hyderabad,2025-06-04,73.43
137,242,Hyderabad,2023-05-17,2.48
749,242,Hyderabad,2025-01-18,34.68
877,242,Hyderabad,2025-05-26,48.57
453,243,Chennai,2024-03-28,101.55
640,243,Chennai,2024-10-01,31.67
707,243,Chennai,2024-12-07,25.32
718,243,Chennai,2024-12-18,6.68
959,243,Chennai,2025-08-16,17.92
53,244,Mumbai,2023-02-22,48.26
712,244,Mumbai,2024-12-12,3.77
982,244,Mumbai,2025-09-08,16.60
111,246,Chennai,2023-04-21,113.28
143,246,Chennai,2023-05-23,52.37
248,246,Chennai,2023-09-05,44.07
795,246,Chennai,2025-03-05,61.12
900,246,Chennai,2025-06-18,4.92
122,247,Chennai,2023-05-02,13.13
728,247,Chennai,2024-12-28,1.14
896,247,Chennai,2025-06-14,138.67
927,247,Chennai,2025-07-15,22.84
22,248,Hyderabad,2023-01-22,67.25
565,248,Hyderabad,2024-07-18,141.21
986,248,Hyderabad,2025-09-12,35.05
157,249,Hyderabad,2023-06-06,100.93
387,249,Hyderabad,2024-01-22,108.94
570,249,Hyderabad,2024-07-23,9.22
589,249,Hyderabad,2024-08-11,46.34
643,249,Hyderabad,2024-10-04,18.53
974,249,Hyderabad,2025-08-31,111.20
108,251,Mumbai,2023-04-18,132.97
249,251,Mumbai,2023-09-06,44.19
626,251,Mumbai,2024-09-17,27.60
914,251,Mumbai,2025-07-02,21.08
275,252,Hyderabad,2023-10-02,120.86
338,252,Hyderabad,2023-12-04,38.18
440,252,Hyderabad,2024-03-15,112.73
784,253,Hyderabad,2025-02-22,85.92
13,254,Mumbai,2023-01-13,18.76
298,254,Mumbai,2023-10-25,28.35
541,254,Mumbai,2024-06-24,10.77
26,255,Chennai,2023-01-26,74.36
44,255,Chennai,2023-02-13,56.36
96,255,Chennai,2023-04-06,72.89
303,255,Chennai,2023-10-30,48.19
536,255,Chennai,2024-06-19,14.12
759,255,Chennai,2025-01-28,226.49
811,255,Chennai,2025-03-21,231.38
834,255,Chennai,2025-04-13,177.40
49,256,Mumbai,2023-02-18,125.37
72,256,Mumbai,2023-03-13,49.44
806,256,Mumbai,2025-03-16,10.66
969,256,Mumbai,2025-08-26,27.70
545,257,Delhi,2024-06-28,42.61
6,258,Mumbai,2023-01-06,87.40
242,258,Mumbai,2023-08-30,2.04
386,258,Mumbai,2024-01-21,32.99
522,258,Mumbai,2024-06-05,89.49
960,258,Mumbai,2025-08-17,31.12
373,259,Delhi,2024-01-08,30.98
411,259,Delhi,2024-02-15,39.02
547,259,Delhi,2024-06-30,98.89
631,259,Delhi,2024-09-22,39.20
656,259,Delhi,2024-10-17,50.98
95,260,Mumbai,2023-04-05,15.43
491,260,Mumbai,2024-05-05,103.98
747,260,Mumbai,2025-01-16,6.35
77,261,Delhi,2023-03-18,119.85
540,261,Delhi,2024-06-23,3.52
842,261,Delhi,2025-04-21,110.22
198,262,Delhi,2023-07-17,136.53
382,262,Delhi,2024-01-17,98.22
901,262,Delhi,2025-06-19,73.07
24,263,Mumbai,2023-01-24,20.30
559,264,Kolkata,2024-07-12,33.60
567,264,Kolkata,2024-07-20,2.16
836,264,Kolkata,2025-04-15,98.68
178,265,Hyderabad,2023-06-27,153.63
276,265,Hyderabad,2023-10-03,143.51
521,265,Hyderabad,2024-06-04,122.51
572,265,Hyderabad,2024-07-25,209.75
163,266,Bangalore,2023-06-12,12.98
196,266,Bangalore,2023-07-15,10.79
644,267,Hyderabad,2024-10-05,54.49
992,267,Hyderabad,2025-09-18,20.86
265,268,Delhi,2023-09-22,33.38
403,268,Delhi,2024-02-07,23.90
357,269,Mumbai,2023-12-23,7.11
871,269,Mumbai,2025-05-20,69.98
918,269,Mumbai,2025-07-06,51.74
727,270,Mumbai,2024-12-27,270.00
754,270,Mumbai,2025-01-23,25.93
16,271,Mumbai,2023-01-16,2.94
277,271,Mumbai,2023-10-04,36.72
345,271,Mumbai,2023-12-11,145.13
542,271,Mumbai,2024-06-25,12.08
573,271,Mumbai,2024-07-26,145.73
642,271,Mumbai,2024-10-03,5.30
107,273,Kolkata,2023-04-17,115.51
383,273,Kolkata,2024-01-18,30.65
704,273,Kolkata,2024-12-04,45.72
895,273,Kolkata,2025-06-13,2.75
450,274,Bangalore,2024-03-25,20.67
233,275,Chennai,2023-08-21,4.09
841,275,Chennai,2025-04-20,52.58
239,276,Delhi,2023-08-27,78.67
566,276,Delhi,2024-07-19,19.97
666,276,Delhi,2024-10-27,38.44
839,276,Delhi,2025-04-18,58.66
211,277,Bangalore,2023-07-30,43.34
219,277,Bangalore,2023-08-07,72.79
369,277,Bangalore,2024-01-04,110.46
446,278,Hyderabad,2024-03-21,0.47
830,278,Hyderabad,2025-04-09,14.07
905,278,Hyderabad,2025-06-23,90.96
271,279,Chennai,2023-09-28,6.38
317,279,Chennai,2023-11-13,11.24
859,279,Chennai,2025-05-08,15.24
874,279,Chennai,2025-05-23,32.41
472,280,Chennai,2024-04-16,2.59
84,281,Mumbai,2023-03-25,43.15
513,281,Mumbai,2024-05-27,33.42
840,281,Mumbai,2025-04-19,36.02
970,281,Mumbai,2025-08-27,14.20
8,282,Bangalore,2023-01-08,25.41
868,282,Bangalore,2025-05-17,3.80
880,282,Bangalore,2025-05-29,22.12
966,282,Bangalore,2025-08-23,8.62
241,283,Hyderabad,2023-08-29,34.00
280,283,Hyderabad,2023-10-07,7.02
601,283,Hyderabad,2024-08-23,19.68
975,283,Hyderabad,2025-09-01,10.94
55,284,Mumbai,2023-02-24,172.14
258,285,Mumbai,2023-09-15,51.93
576,285,Mumbai,2024-07-29,60.95
701,285,Mumbai,2024-12-01,56.76
268,286,Kolkata,2023-09-25,132.87
676,286,Kolkata,2024-11-06,32.64
785,286,Kolkata,2025-02-23,1.92
809,286,Kolkata,2025-03-19,112.58
879,286,Kolkata,2025-05-28,34.69
274,288,Chennai,2023-10-01,114.94
669,288,Chennai,2024-10-30,46.32
445,289,Hyderabad,2024-03-20,27.53
775,289,Hyderabad,2025-02-13,83.20
855,289,Hyderabad,2025-05-04,1.21
376,291,Bangalore,2024-01-11,65.45
510,291,Bangalore,2024-05-24,8.76
923,291,Bangalore,2025-07-11,71.78
83,292,Delhi,2023-03-24,9.90
194,292,Delhi,2023-07-13,73.75
578,292,Delhi,2024-07-31,38.89
690,292,Delhi,2024-11-20,25.40
452,293,Mumbai,2024-03-27,47.49
620,293,Mumbai,2024-09-11,22.60
766,293,Mumbai,2025-02-04,145.64
944,293,Mumbai,2025-08-01,135.66
114,294,Delhi,2023-04-24,19.29
971,294,Delhi,2025-08-28,68.99
184,296,Delhi,2023-07-03,54.01
379,296,Delhi,2024-01-14,60.08
165,297,Mumbai,2023-06-14,1.02
337,297,Mumbai,2023-12-03,6.53
401,297,Mumbai,2024-02-05,127.70
426,297,Mumbai,2024-03-01,30.47
652,297,Mumbai,2024-10-13,11.83
719,297,Mumbai,2024-12-19,6.95
796,297,Mumbai,2025-03-06,55.70
942,297,Mumbai,2025-07-30,5.05
330,298,Chennai,2023-11-26,36.40
821,298,Chennai,2025-03-31,55.47
127,299,Chennai,2023-05-07,190.50
649,299,Chennai,2024-10-10,11.81
818,299,Chennai,2025-03-28,43.40
954,299,Chennai,2025-08-11,54.72
